Name,Created time,Tags,URL,author,author homepage
【硬件科普】如何合理科学的选择电源功率的大小？,2023/02/19,科普,https://www.bilibili.com/video/BV1Ab411d7zn/,硬件茶谈,https://space.bilibili.com/14871346
低端VS高端硬盘，在实际使用中到底有多大区别？,2023/11/06,科普,https://www.bilibili.com/video/BV1nN411G73P/,笔吧评测室,https://space.bilibili.com/367877
笔记本散热器大横评！一半都是智商税？！,2023/07/15,科普,https://www.bilibili.com/video/BV1oV411T7KP/,笔吧评测室,https://space.bilibili.com/367877
【硬核科普】硬盘的SATA M.2 NGFF NVME是什么意思，详解硬盘的总线协议与接口,2020/11/23,科普,https://www.bilibili.com/video/BV1Qv411t7ZL/,硬件茶谈,https://space.bilibili.com/14871346
关于流行音乐的深度研究：华语音乐已经完蛋了吗？,2023/01/12,科普,https://www.bilibili.com/video/BV1m8411P7v7/,小凡今天出片了吗,https://space.bilibili.com/35807625
英语字母居然这么来的? (字母表历史),2023/04/29,科普,https://www.bilibili.com/video/BV1g14y1Z714/,英语兔,https://space.bilibili.com/483162496
MyGo完结了，那我们就来一起聊聊它的op《壱雫空》吧,2023/09/16,科普,https://www.bilibili.com/video/BV1rz4y157Hp/,鸢梦Yumeko,https://space.bilibili.com/174595944
三个月从零入门深度学习，保姆级学习路线图,2021/11/10,教学,https://www.bilibili.com/video/BV1yg411K72z/,DASOU讲AI,https://space.bilibili.com/414678948
中科大郑烇、杨坚全套《计算机网络（自顶向下方法 第7版，James F.Kurose，Keith W.Ross）》课程,2021/01/07,教学,https://www.bilibili.com/video/BV1JV411t7ow/,中科大-郑烇老师,https://space.bilibili.com/410739029
手工开模！从图纸到现实！打造首把可伸缩—赤练剑！,2020/12/04,二创,https://www.bilibili.com/video/BV1nT4y1M7VT/,匠人菌,https://space.bilibili.com/10839322
【RE：从零开始，爱蜜莉雅想让我告白？】辉夜大小姐想让我告白？no，RE真正的op.Yes,2020/09/01,二创,https://www.bilibili.com/video/BV1JZ4y1T7Tp/,Zsy灬幽子,https://space.bilibili.com/7067325
【饥荒】饥荒的方式打开数码宝贝,2019/10/02,二创,https://www.bilibili.com/video/BV1fE411D7uQ/,咕咕小熊猫,https://space.bilibili.com/19804353
【派大星的独白】一个关于正常人的故事,2019/07/27,二创,https://www.bilibili.com/video/BV1qt411j7fV/,洛温阿特金森,https://space.bilibili.com/30222764
【白客vs桥本环奈】辉夜大小姐想让王大锤告白,2019/07/04,二创,https://www.bilibili.com/video/BV1f4411w763/,四月熙,https://space.bilibili.com/32945140
【误解向】用大片的方式打开小林家的龙女仆,2017/03/01,二创,https://www.bilibili.com/video/BV1gx41117kj/,尤弋,https://space.bilibili.com/1600108
【洛天依原创】为谁而为【手书pv】,2018/07/08,听歌,https://www.bilibili.com/video/BV1Cs411p7V3/,COPY,https://space.bilibili.com/396194
【星火行动】【乐正龙牙】10p.m.【COP】,2018/02/12,听歌,https://www.bilibili.com/video/BV1NW411E73G/,COPY,https://space.bilibili.com/396194
【miku】神的女儿们【温泉乡x空色幻奏】,2015/08/10,听歌,https://www.bilibili.com/video/BV17s411m7mn/,汤h,https://space.bilibili.com/2563683
珈乐：拉姐，你听我说...,2022/04/28,二创,https://www.bilibili.com/video/BV1VA4y1D7XR/,朔风晨,https://space.bilibili.com/23290115
小拉乱创,2022/01/29,二创,https://www.bilibili.com/video/BV1bq4y187DZ/,Protocol_III,https://space.bilibili.com/545392762
【翻唱】恐山ル・ヴォワール【漪月灵/唱见】,2020/11/27,听歌,https://www.bilibili.com/video/BV1Bz4y1k7vu/,漪月灵-Aether-,https://space.bilibili.com/1825301994
【Animenz】One Last Kiss - 新·福音战士剧场版：终 钢琴,2021/04/17,听歌,https://www.bilibili.com/video/BV1qy4y1x7VV/,Animenzzz,https://space.bilibili.com/6075139
【墨韵古筝】紅蓮華 - 鬼滅の刃OP——疯狂练习曲又来了,2021/03/19,听歌,https://www.bilibili.com/video/BV15b4y1Q71w/,墨韵Moyun,https://space.bilibili.com/2374194
【＋α／あるふぁきゅん。】吸血鬼,2021/05/13,听歌,https://www.bilibili.com/video/BV1Z44y167AF/,kttts,https://space.bilibili.com/10618733
【＋α／あるふぁきゅん。】抒情的话还不够,2021/04/29,听歌,https://www.bilibili.com/video/BV1e54y1j73K/,kttts,https://space.bilibili.com/10618733
【青溯】我没有歌能给你听【SYNTHESIZER V COVER】,2021/12/03,听歌,https://www.bilibili.com/video/BV1xb4y1B7FG/,Chasel懿辰,https://space.bilibili.com/10545143
【Animenz】炎 - 鬼灭之刃：无限列车篇,2021/03/08,听歌,https://www.bilibili.com/video/BV14K4y1D7QP/,Animenzzz,https://space.bilibili.com/6075139
日语学习：新标日课程0到N1，B站史上最好学的日语入门视频教程零基础学习日语轻松简单学,2020/06/20,教学,https://www.bilibili.com/video/BV1Bp4y1D747/,教日语的阿飞老师,https://space.bilibili.com/383433896
【日语课程】标日初级精讲BY萌萌哒葉子先生（叶子老师完整课程及后续中高级课程请看详情介绍）,2015/10/15,教学,https://www.bilibili.com/video/BV1es41127PE/,葉子先生酱,https://space.bilibili.com/10957838
疯狂动物城2：热门生物鉴定,2021/07/20,二创,https://www.bilibili.com/video/BV1qg411M7ND/,_青红造了个白_,https://space.bilibili.com/21778075
【四川音乐学院作曲硕士】零基础自学音乐学乐理合集-第二季（最终版）/已完结,2020/09/07,教学,https://www.bilibili.com/video/BV14p4y1e7TV/,三分钟音乐社,https://space.bilibili.com/7762500
新世纪海绵战士,2021/05/21,二创,https://www.bilibili.com/video/BV12A411G7KQ/,东仔阿尼,https://space.bilibili.com/1767227
「か」明明是“ka”，为什么经常能听到“ga”？？,2022/07/20,科普,https://www.bilibili.com/video/BV1vY4y1j726/,圈圈的奇妙日语,https://space.bilibili.com/266265576
我 推 的 波 奇 酱,2023/07/02,二创,https://www.bilibili.com/video/BV1DM4y177Wp/,凉风葱叶,https://space.bilibili.com/8699209
【Mygo冷笑话·上篇】我们mygo也要有自己的不要笑挑战！,2023/10/12,二创,https://www.bilibili.com/video/BV17H4y1o7cD/,摇曳星梦,https://space.bilibili.com/13646689/
70分钟概率论通俗讲解,2023/11/15,教学,https://www.bilibili.com/video/BV1fM411f7cX/,---杨同学---,https://space.bilibili.com/495226768/
【硬核科普】手机为什么要做多摄，摄像头越多拍照越好吗？,2024/01/31,科普,https://www.bilibili.com/video/BV1zA4m1L7cj/,硬件茶谈,https://space.bilibili.com/14871346/
从零开始学习大语言模型（一）,2024/02/16,科普,https://www.bilibili.com/video/BV1v4421w7pU/,林亦LYi,https://space.bilibili.com/4401694/
【硬核科普】从零开始认识显卡,2024/05/01,科普,https://www.bilibili.com/video/BV1xE421j7Uv/,硬件茶谈,https://space.bilibili.com/14871346/
Mygo！！！总集篇,2024/07/20,二创,https://www.bilibili.com/video/BV1Cf421v7fs/,尹锕虚,https://space.bilibili.com/255951927/
程序员为了面试应该如何学英语,2024/09/03,教学,https://www.bilibili.com/video/BV1ApH4ebEtW/,程序员面试英语,https://space.bilibili.com/488465903/
【英语听说提高】半年实现质的飞跃｜甭管啥水平，最适合的材料为你准备好了！,2021/11/10,教学,https://www.bilibili.com/video/BV17U4y1M7gR/,学姐潇潇,https://space.bilibili.com/24919812/
为什么利率上升债券价格会下跌,2021/08/08,科普,https://www.bilibili.com/video/BV1Kg411j74Y/,BB资管,https://space.bilibili.com/1379831728/
🥒AveMujica要变成搞笑艺人团体了🥒,2025/03/06,二创,https://www.bilibili.com/video/BV1u8RwYYEbB/,海市千帆,https://space.bilibili.com/3546827540401050/
战火中诞生的中国动画，如何成为日本二次元的精神导师【铁扇公主（1941）】,2025/05/28,科普,https://www.bilibili.com/video/BV1iujYzVEEE/,一岸舟,https://space.bilibili.com/10753397/
【深度】黄金投资系统科普，到底值多少钱？还能买么？,2025/06/14,科普,https://www.bilibili.com/video/BV1jCM1zFE5y/,葫芦军师,https://space.bilibili.com/550333614/
火爆全网的MCP全解读，前置知识先知道【渡一教育】,2025/08/18,教学,https://www.bilibili.com/video/BV1qkYpzZEQ8/,渡一前端公开大师课,https://space.bilibili.com/3494367331354766/
为什么我劝你不要进入 Web3？,2024/11/17,科普,https://www.bilibili.com/video/BV1v9UBYcEgn/,lllu_23,https://space.bilibili.com/3493288753498847/
摄影入门必学！曝光三要素「光圈、快门、感光度」&M档调整思路,2025/05/18,科普,https://www.bilibili.com/video/BV1ieJ3ztEFB/,摄影师宋知一,https://space.bilibili.com/430257443/
VOL-19 日抛隐形眼镜是智商税吗？一个视频解答隐形眼镜选择的所有困惑,2025/08/31,科普,https://www.bilibili.com/video/BV1ZXa3ztEvi/,医疗三棱镜,https://space.bilibili.com/3546764349016795/
【深度】如何科学判断股市高点和低点？从入门到精通,2025/11/11,科普,https://www.bilibili.com/video/BV1aykvBtEjo/,葫芦军师,https://space.bilibili.com/550333614/
【AI音乐】♿白银圣经♿（Suno AI）,2024/03/25,听歌,https://www.bilibili.com/video/BV1VH4y1W7eo/,Xz乔希,https://space.bilibili.com/5859321/
因AI过于短小，未能满足于是扩曲「你的刚门比较vocaloid」完整版（伪）,2024/04/02,听歌,https://www.bilibili.com/video/BV1JZ421i7g9/,鸢梦Yumeko,https://space.bilibili.com/174595944/
【心华合集】热门曲收录【8月6日，共32首】,2016/01/09,听歌,bilibili.com/video/BV1ss411R7Rt,无聊小小仙,https://space.bilibili.com/469025/
揭露一档综艺娱乐的幕后,2020/10/29,娱乐,https://www.bilibili.com/video/BV1kv41167So/,天真的和感伤的小说家,https://space.bilibili.com/314521322/
二进制小品..,2023/11/26,娱乐,https://www.bilibili.com/video/BV1qc411z7TH/,熬一耶ye,https://space.bilibili.com/395415494/
开 水 白 菜！我 就 赌 你 底 牌 是 4！,2020/03/21,娱乐,https://www.bilibili.com/video/BV1uE411P7RU/,吟游大司人,https://space.bilibili.com/53490139/
网易是世界最好的公司,2019/11/27,娱乐,https://www.bilibili.com/video/BV1YJ411X7x3/,不知耻の紫烟老师,https://space.bilibili.com/397540531/
这宇航员我TM不当了！,2020/02/16,娱乐,https://www.bilibili.com/video/BV1d741177rY/,麦老当,https://space.bilibili.com/258547693/
【嘻咦啊看】有一个喜欢作死的爸爸是一种什么样的感受,2019/02/19,娱乐,https://www.bilibili.com/video/BV1yb411177q/,嘻咦啊看,https://space.bilibili.com/123938419/
【瞎看什么】在没有快捷酒店的年代，我是这样给领导暖床的,2017/03/27,娱乐,https://www.bilibili.com/video/BV1Yx411k7DN/,瞎看什么,https://space.bilibili.com/34858100/
如果一个知名演员中了2.2亿会怎么表演？,2023/12/08,娱乐,https://www.bilibili.com/video/BV1ia4y1d74e/,老实人小黑,https://space.bilibili.com/33151008/
【武大漫协冬日庆典】相声《我要组乐队》,2024/12/05,娱乐,https://www.bilibili.com/video/BV1abiRYuE2n/,武汉大学动漫协会,https://space.bilibili.com/20942465/
【教程】如何制作一首薛式情歌,2019/01/30,娱乐,https://www.bilibili.com/video/BV1Kb411y7yh/,臧无尤,https://space.bilibili.com/11252239/
日语英语发音大不同！便利店竟然找不到这东西？｜Sunshine落语秀 ！,2018/11/20,娱乐,https://www.bilibili.com/video/BV1ft41117Vj/,桂三辉,https://space.bilibili.com/274900958/